{"cameraMode":{"drawMode":0,"name":"Shaded","section":"Shading Mode"},"sceneLighting":false,"audioPlay":false,"sceneViewState":{"m_AlwaysRefresh":false,"showFog":true,"showSkybox":false,"showFlares":true,"showImageEffects":true,"showParticleSystems":true,"showVisualEffectGraphs":true,"m_FxEnabled":true},"in2DMode":false,"pivot":{"x":-0.000024557113647460938,"y":0.0002886056900024414,"z":0.000007152557373046875},"rotation":{"x":0.22256040573120118,"y":0.05747058615088463,"z":-0.01343514584004879,"w":0.973336935043335},"size":1.7337985038757325,"orthographic":true}