{"cameraMode":{"drawMode":0,"name":"Shaded","section":"Shading Mode"},"sceneLighting":true,"audioPlay":false,"sceneViewState":{"m_AlwaysRefresh":false,"showFog":true,"showSkybox":true,"showFlares":true,"showImageEffects":true,"showParticleSystems":true,"showVisualEffectGraphs":true,"m_FxEnabled":true},"in2DMode":false,"pivot":{"x":0.08926105499267578,"y":4.544252395629883,"z":-20.466995239257814},"rotation":{"x":0.10985647141933441,"y":-0.5846341848373413,"z":0.08030420541763306,"w":0.7998173832893372},"size":9.722616195678711,"orthographic":false}