{"cameraMode":{"drawMode":0,"name":"Shaded","section":"Shading Mode"},"sceneLighting":true,"audioPlay":false,"sceneViewState":{"m_AlwaysRefresh":false,"showFog":true,"showSkybox":true,"showFlares":true,"showImageEffects":true,"showParticleSystems":true,"showVisualEffectGraphs":true,"m_FxEnabled":true},"in2DMode":false,"pivot":{"x":0.9648498296737671,"y":0.5386016368865967,"z":2.3229622840881349},"rotation":{"x":0.28342771530151369,"y":0.23106040060520173,"z":-0.07092712074518204,"w":0.9286829829216003},"size":1.9946283102035523,"orthographic":false}