{"cameraMode":{"drawMode":0,"name":"Shaded","section":"Shading Mode"},"sceneLighting":true,"audioPlay":false,"sceneViewState":{"m_AlwaysRefresh":false,"showFog":true,"showSkybox":true,"showFlares":true,"showImageEffects":true,"showParticleSystems":true,"showVisualEffectGraphs":true,"m_FxEnabled":true},"in2DMode":false,"pivot":{"x":1.8277406692504883,"y":2.7613823413848879,"z":1.2450958490371705},"rotation":{"x":-0.3522655665874481,"y":-0.007070025894790888,"z":0.002584940055385232,"w":-0.9358717799186707},"size":11.647443771362305,"orthographic":true}