{"cameraMode":{"drawMode":0,"name":"Shaded","section":"Shading Mode"},"sceneLighting":true,"audioPlay":false,"sceneViewState":{"m_AlwaysRefresh":false,"showFog":true,"showSkybox":true,"showFlares":true,"showImageEffects":true,"showParticleSystems":true,"showVisualEffectGraphs":true,"m_FxEnabled":true},"in2DMode":false,"pivot":{"x":-0.017497465014457704,"y":0.5444172620773315,"z":-0.05688777565956116},"rotation":{"x":-0.073429636657238,"y":0.00414298428222537,"z":-0.0004278234264347702,"w":-0.9972520470619202},"size":0.7344247102737427,"orthographic":true}