{"cameraMode":{"drawMode":0,"name":"Shaded","section":"Shading Mode"},"sceneLighting":true,"audioPlay":false,"sceneViewState":{"m_AlwaysRefresh":false,"showFog":true,"showSkybox":true,"showFlares":true,"showImageEffects":true,"showParticleSystems":true,"showVisualEffectGraphs":true,"m_FxEnabled":true},"in2DMode":false,"pivot":{"x":-0.2411666214466095,"y":0.530347466468811,"z":3.2045435905456545},"rotation":{"x":0.16399148106575013,"y":-0.049855079501867297,"z":0.009030460380017758,"w":0.9850540161132813},"size":1.590063452720642,"orthographic":false}