{"cameraMode":{"drawMode":0,"name":"Shaded","section":"Shading Mode"},"sceneLighting":true,"audioPlay":false,"sceneViewState":{"m_AlwaysRefresh":false,"showFog":true,"showSkybox":true,"showFlares":true,"showImageEffects":true,"showParticleSystems":true,"showVisualEffectGraphs":true,"m_FxEnabled":true},"in2DMode":false,"pivot":{"x":0.0899219736456871,"y":1.950455904006958,"z":1.7090282440185547},"rotation":{"x":0.13000382483005525,"y":-0.04366856813430786,"z":0.005808663554489613,"w":0.9905580282211304},"size":5.2226667404174809,"orthographic":true}