{"cameraMode":{"drawMode":0,"name":"Shaded","section":"Shading Mode"},"sceneLighting":true,"audioPlay":false,"sceneViewState":{"m_AlwaysRefresh":false,"showFog":true,"showSkybox":true,"showFlares":true,"showImageEffects":true,"showParticleSystems":true,"showVisualEffectGraphs":true,"m_FxEnabled":true},"in2DMode":false,"pivot":{"x":-1.7783489227294922,"y":-3.5381407737731935,"z":9.507224082946778},"rotation":{"x":0.19956618547439576,"y":-0.021592630073428155,"z":0.005124838091433048,"w":0.9795207381248474},"size":7.627981185913086,"orthographic":false}